P_000_last,P_000_first,1,7,44,11
P_001_last,P_001_first,7,5,8,34
P_002_last,P_002_first,3,45,26,19
P_003_last,P_003_first,1,5,44,44
P_004_last,P_004_first,4,44,40,37
P_006_last,P_006_first,12,24,44,1
P_007_last,P_007_first,1,11,4,11
P_009_last,P_009_first,6,25,47,25
P_010_last,P_010_first,9,6,23,40
P_011_last,P_011_first,27,22,25,38
P_012_last,P_012_first,10,10,12,15
P_014_last,P_014_first,5,39,17,3
P_015_last,P_015_first,3,16,39,44
P_016_last,P_016_first,8,44,35,7
P_017_last,P_017_first,37,4,37,6
P_018_last,P_018_first,35,37,37,9
P_019_last,P_019_first,28,29,12,11
P_020_last,P_020_first,20,41,33,35
P_021_last,P_021_first,25,7,24,2
P_022_last,P_022_first,13,13,6,33
P_023_last,P_023_first,23,33,5,16
P_026_last,P_026_first,3,19,42,48
P_027_last,P_027_first,7,16,14,29
P_028_last,P_028_first,49,19,41,6
P_029_last,P_029_first,4,36,8,36
