P_000_last,P_000_first,21,7,10,6
P_001_last,P_001_first,35,21,2,3
P_002_last,P_002_first,22,37,25,16
P_003_last,P_003_first,10,22,5,37
P_004_last,P_004_first,16,15,27,47
P_005_last,P_005_first,43,14,38,6
P_006_last,P_006_first,23,26,3,18
P_007_last,P_007_first,15,4,23,1
P_008_last,P_008_first,39,38,20,1
P_009_last,P_009_first,46,38,13,23
P_010_last,P_010_first,17,9,27,37
P_011_last,P_011_first,5,11,23,16
P_012_last,P_012_first,32,23,18,21
P_013_last,P_013_first,23,23,13,21
P_014_last,P_014_first,39,9,3,19
P_015_last,P_015_first,49,32,44,40
P_017_last,P_017_first,44,13,21,25
P_018_last,P_018_first,8,27,21,28
P_019_last,P_019_first,49,27,17,28
P_020_last,P_020_first,18,34,22,12
P_021_last,P_021_first,49,39,35,17
P_022_last,P_022_first,14,27,28,43
P_023_last,P_023_first,34,45,27,8
P_025_last,P_025_first,42,39,26,44
P_026_last,P_026_first,30,23,26,49
P_027_last,P_027_first,16,12,6,39
P_028_last,P_028_first,48,2,38,31
